[{"orderNo":"7C57E4E8","outcome":"InvalidCardNumber","costInPence":2400},{"orderNo":"62874CF7","outcome":"InvalidExpiryDate","costInPence":2400},{"orderNo":"14FDE23C","outcome":"InvalidCvv","costInPence":2500},{"orderNo":"16C2E97B","outcome":"InvalidTotal","costInPence":null},{"orderNo":"64B60F0A","outcome":"InvalidPizzaNotDefined","costInPence":2400},{"orderNo":"58EA4BD0","outcome":"InvalidPizzaCount","costInPence":11600},{"orderNo":"05DD1AC7","outcome":"InvalidPizzaCombinationMultipleSuppliers","costInPence":3900},{"orderNo":"4EF46884","outcome":"Delivered","costInPence":2400},{"orderNo":"55B30BA4","outcome":"Delivered","costInPence":2400},{"orderNo":"34792C9A","outcome":"Delivered","costInPence":2400},{"orderNo":"70228B4F","outcome":"Delivered","costInPence":2400},{"orderNo":"18E081AA","outcome":"Delivered","costInPence":2400},{"orderNo":"71A42D48","outcome":"Delivered","costInPence":2400},{"orderNo":"5F2E6980","outcome":"Delivered","costInPence":2400},{"orderNo":"728E17A1","outcome":"Delivered","costInPence":2400},{"orderNo":"6CF23D77","outcome":"Delivered","costInPence":2400},{"orderNo":"32ADBA89","outcome":"Delivered","costInPence":2400},{"orderNo":"2973AF00","outcome":"Delivered","costInPence":2500},{"orderNo":"64C07679","outcome":"Delivered","costInPence":2500},{"orderNo":"5E642BD1","outcome":"Delivered","costInPence":2500},{"orderNo":"6317D547","outcome":"Delivered","costInPence":2500},{"orderNo":"061C36E9","outcome":"Delivered","costInPence":2500},{"orderNo":"2D64DD0E","outcome":"Delivered","costInPence":2500},{"orderNo":"6750ED50","outcome":"Delivered","costInPence":2500},{"orderNo":"02C87EF8","outcome":"Delivered","costInPence":2500},{"orderNo":"501549E2","outcome":"Delivered","costInPence":2500},{"orderNo":"5544A6A3","outcome":"Delivered","costInPence":2500},{"orderNo":"39CA9DCD","outcome":"Delivered","costInPence":2400},{"orderNo":"6017954B","outcome":"Delivered","costInPence":2400},{"orderNo":"33286943","outcome":"Delivered","costInPence":2400},{"orderNo":"777E93E6","outcome":"Delivered","costInPence":2400},{"orderNo":"46FEBF8D","outcome":"Delivered","costInPence":2400},{"orderNo":"3232E0B8","outcome":"Delivered","costInPence":2400},{"orderNo":"33C49B6D","outcome":"Delivered","costInPence":2400},{"orderNo":"4BC04F0B","outcome":"Delivered","costInPence":2400},{"orderNo":"717FE623","outcome":"Delivered","costInPence":2400},{"orderNo":"72D92BB4","outcome":"ValidButNotDelivered","costInPence":2400},{"orderNo":"7B88D8B2","outcome":"ValidButNotDelivered","costInPence":2600},{"orderNo":"1C654EE3","outcome":"ValidButNotDelivered","costInPence":2600},{"orderNo":"5BED6020","outcome":"ValidButNotDelivered","costInPence":2600},{"orderNo":"13509056","outcome":"ValidButNotDelivered","costInPence":2600},{"orderNo":"5C08043C","outcome":"ValidButNotDelivered","costInPence":2600},{"orderNo":"284AA2AE","outcome":"ValidButNotDelivered","costInPence":2600},{"orderNo":"2EA23C0A","outcome":"ValidButNotDelivered","costInPence":2600},{"orderNo":"689BE503","outcome":"ValidButNotDelivered","costInPence":2600},{"orderNo":"2FBC5BD8","outcome":"ValidButNotDelivered","costInPence":2600},{"orderNo":"61EAB8C4","outcome":"ValidButNotDelivered","costInPence":2600}]