[{"orderNo":"2FC16D2A","outcome":"InvalidCardNumber","costInPence":2400},{"orderNo":"7E2ED412","outcome":"Invalid","costInPence":2400},{"orderNo":"62B696F3","outcome":"InvalidCvv","costInPence":2500},{"orderNo":"3A05753C","outcome":"InvalidTotal","costInPence":null},{"orderNo":"6235E505","outcome":"InvalidPizzaNotDefined","costInPence":2400},{"orderNo":"1F9CEAEC","outcome":"InvalidPizzaCount","costInPence":11600},{"orderNo":"6B160547","outcome":"InvalidPizzaCombinationMultipleSuppliers","costInPence":3900},{"orderNo":"0D78A8B8","outcome":"Delivered","costInPence":2400},{"orderNo":"483CBF00","outcome":"Delivered","costInPence":2400},{"orderNo":"3F8AA9BB","outcome":"Delivered","costInPence":2400},{"orderNo":"0EB0E99F","outcome":"Delivered","costInPence":2400},{"orderNo":"7ECC442D","outcome":"Delivered","costInPence":2400},{"orderNo":"0938E43B","outcome":"Delivered","costInPence":2400},{"orderNo":"3BA49D74","outcome":"Delivered","costInPence":2400},{"orderNo":"3A836C19","outcome":"Delivered","costInPence":2400},{"orderNo":"37184839","outcome":"Delivered","costInPence":2400},{"orderNo":"094EFFEF","outcome":"Delivered","costInPence":2400},{"orderNo":"4C8888F4","outcome":"Delivered","costInPence":2500},{"orderNo":"1ADC5236","outcome":"Delivered","costInPence":2500},{"orderNo":"2590B2B4","outcome":"Delivered","costInPence":2500},{"orderNo":"6D51B380","outcome":"Delivered","costInPence":2500},{"orderNo":"30044024","outcome":"Delivered","costInPence":2500},{"orderNo":"4A4D720A","outcome":"Delivered","costInPence":2500},{"orderNo":"2B26D650","outcome":"Delivered","costInPence":2500},{"orderNo":"769C0943","outcome":"Delivered","costInPence":2500},{"orderNo":"242DBB06","outcome":"Delivered","costInPence":2500},{"orderNo":"4C37C1C0","outcome":"Delivered","costInPence":2500},{"orderNo":"29D4A6D4","outcome":"Delivered","costInPence":2400},{"orderNo":"4BFE829D","outcome":"Delivered","costInPence":2400},{"orderNo":"41743E51","outcome":"Delivered","costInPence":2400},{"orderNo":"27720508","outcome":"Delivered","costInPence":2400},{"orderNo":"0127BDBC","outcome":"Delivered","costInPence":2400},{"orderNo":"7688F1E8","outcome":"Delivered","costInPence":2400},{"orderNo":"50032202","outcome":"Delivered","costInPence":2400},{"orderNo":"300CE50F","outcome":"Delivered","costInPence":2400},{"orderNo":"395596E3","outcome":"Delivered","costInPence":2400},{"orderNo":"27D64E7D","outcome":"ValidButNotDelivered","costInPence":2400},{"orderNo":"034B54D2","outcome":"ValidButNotDelivered","costInPence":2600},{"orderNo":"34C7A965","outcome":"ValidButNotDelivered","costInPence":2600},{"orderNo":"5F8FA06A","outcome":"ValidButNotDelivered","costInPence":2600},{"orderNo":"4F9D12EA","outcome":"ValidButNotDelivered","costInPence":2600},{"orderNo":"221714E4","outcome":"ValidButNotDelivered","costInPence":2600},{"orderNo":"785C031A","outcome":"ValidButNotDelivered","costInPence":2600},{"orderNo":"27434713","outcome":"ValidButNotDelivered","costInPence":2600},{"orderNo":"2536B5A3","outcome":"ValidButNotDelivered","costInPence":2600},{"orderNo":"78BCB916","outcome":"ValidButNotDelivered","costInPence":2600},{"orderNo":"37440768","outcome":"ValidButNotDelivered","costInPence":2600}]