[{"orderNo":"55D185BE","outcome":"InvalidCardNumber","costInPence":2500},{"orderNo":"1487EAD0","outcome":"InvalidExpiryDate","costInPence":2600},{"orderNo":"524B0AD4","outcome":"InvalidCvv","costInPence":2400},{"orderNo":"23D5342E","outcome":"InvalidTotal","costInPence":null},{"orderNo":"3CF75A9A","outcome":"InvalidPizzaNotDefined","costInPence":2500},{"orderNo":"46151E24","outcome":"InvalidPizzaCount","costInPence":12600},{"orderNo":"1B041DE1","outcome":"InvalidPizzaCombinationMultipleSuppliers","costInPence":3400},{"orderNo":"603E3A11","outcome":"Delivered","costInPence":2400},{"orderNo":"5727F2B4","outcome":"Delivered","costInPence":2400},{"orderNo":"5FD4875B","outcome":"Delivered","costInPence":2400},{"orderNo":"5E42C213","outcome":"Delivered","costInPence":2400},{"orderNo":"39794579","outcome":"Delivered","costInPence":2400},{"orderNo":"410EE484","outcome":"Delivered","costInPence":2400},{"orderNo":"5E0624E3","outcome":"Delivered","costInPence":2400},{"orderNo":"40C28BD7","outcome":"Delivered","costInPence":2400},{"orderNo":"5188B2FB","outcome":"Delivered","costInPence":2400},{"orderNo":"02025B3C","outcome":"Delivered","costInPence":2400},{"orderNo":"6E1DE5F7","outcome":"Delivered","costInPence":2500},{"orderNo":"7C9F1D44","outcome":"Delivered","costInPence":2500},{"orderNo":"08FD1757","outcome":"Delivered","costInPence":2500},{"orderNo":"3A06F46F","outcome":"Delivered","costInPence":2500},{"orderNo":"6377B16E","outcome":"Delivered","costInPence":2500},{"orderNo":"4FA97884","outcome":"Delivered","costInPence":2500},{"orderNo":"53BC3713","outcome":"Delivered","costInPence":2500},{"orderNo":"4E168936","outcome":"Delivered","costInPence":2500},{"orderNo":"41A2454D","outcome":"Delivered","costInPence":2500},{"orderNo":"6E44D11A","outcome":"Delivered","costInPence":2500},{"orderNo":"7D99E6EC","outcome":"Delivered","costInPence":2400},{"orderNo":"142A4026","outcome":"Delivered","costInPence":2400},{"orderNo":"254C00C0","outcome":"Delivered","costInPence":2400},{"orderNo":"5DC08094","outcome":"Delivered","costInPence":2400},{"orderNo":"0397360B","outcome":"Delivered","costInPence":2400},{"orderNo":"15DFE8DC","outcome":"Delivered","costInPence":2400},{"orderNo":"1E47F858","outcome":"Delivered","costInPence":2400},{"orderNo":"2816CEA7","outcome":"Delivered","costInPence":2400},{"orderNo":"5BC96BA1","outcome":"Delivered","costInPence":2400},{"orderNo":"73B6B303","outcome":"ValidButNotDelivered","costInPence":2400},{"orderNo":"69675A12","outcome":"ValidButNotDelivered","costInPence":2600},{"orderNo":"3CA3F375","outcome":"ValidButNotDelivered","costInPence":2600},{"orderNo":"7A61BCBA","outcome":"ValidButNotDelivered","costInPence":2600},{"orderNo":"086A200D","outcome":"ValidButNotDelivered","costInPence":2600},{"orderNo":"476D7943","outcome":"ValidButNotDelivered","costInPence":2600},{"orderNo":"0FF20C01","outcome":"ValidButNotDelivered","costInPence":2600},{"orderNo":"4C524A21","outcome":"ValidButNotDelivered","costInPence":2600},{"orderNo":"3CF32171","outcome":"ValidButNotDelivered","costInPence":2600},{"orderNo":"54C3F5B9","outcome":"ValidButNotDelivered","costInPence":2600},{"orderNo":"4F3736BE","outcome":"ValidButNotDelivered","costInPence":2600}]