[{"orderNo":"2651B056","outcome":"InvalidCardNumber","costInPence":2500},{"orderNo":"3D7726D7","outcome":"Invalid","costInPence":2600},{"orderNo":"77293EB6","outcome":"InvalidCvv","costInPence":2400},{"orderNo":"0556E90B","outcome":"InvalidTotal","costInPence":null},{"orderNo":"43BDEA07","outcome":"InvalidPizzaNotDefined","costInPence":2500},{"orderNo":"23059899","outcome":"InvalidPizzaCount","costInPence":12600},{"orderNo":"2A57DB84","outcome":"InvalidPizzaCombinationMultipleSuppliers","costInPence":3400},{"orderNo":"00FEBC3F","outcome":"Delivered","costInPence":2400},{"orderNo":"3F91242C","outcome":"Delivered","costInPence":2400},{"orderNo":"794D2CFB","outcome":"Delivered","costInPence":2400},{"orderNo":"7B1FBA2A","outcome":"Delivered","costInPence":2400},{"orderNo":"792BBFEF","outcome":"Delivered","costInPence":2400},{"orderNo":"0C74DCD0","outcome":"Delivered","costInPence":2400},{"orderNo":"50D6D80B","outcome":"Delivered","costInPence":2400},{"orderNo":"348EF826","outcome":"Delivered","costInPence":2400},{"orderNo":"7270B6A5","outcome":"Delivered","costInPence":2400},{"orderNo":"7A38A9EB","outcome":"Delivered","costInPence":2400},{"orderNo":"05AADF43","outcome":"Delivered","costInPence":2500},{"orderNo":"0B42201B","outcome":"Delivered","costInPence":2500},{"orderNo":"3BAAC149","outcome":"Delivered","costInPence":2500},{"orderNo":"0EF50421","outcome":"Delivered","costInPence":2500},{"orderNo":"2EF40E5C","outcome":"Delivered","costInPence":2500},{"orderNo":"7902B0FF","outcome":"Delivered","costInPence":2500},{"orderNo":"2442691B","outcome":"Delivered","costInPence":2500},{"orderNo":"4E058DBD","outcome":"Delivered","costInPence":2500},{"orderNo":"21E5FFD6","outcome":"Delivered","costInPence":2500},{"orderNo":"4C478D64","outcome":"Delivered","costInPence":2500},{"orderNo":"05E5B502","outcome":"Delivered","costInPence":2400},{"orderNo":"1A6F51AF","outcome":"Delivered","costInPence":2400},{"orderNo":"56140453","outcome":"Delivered","costInPence":2400},{"orderNo":"0D2A31C9","outcome":"Delivered","costInPence":2400},{"orderNo":"71079027","outcome":"Delivered","costInPence":2400},{"orderNo":"3F6FF11A","outcome":"Delivered","costInPence":2400},{"orderNo":"2AE9B98F","outcome":"Delivered","costInPence":2400},{"orderNo":"5956C28B","outcome":"Delivered","costInPence":2400},{"orderNo":"763B0C2F","outcome":"Delivered","costInPence":2400},{"orderNo":"7E63701D","outcome":"ValidButNotDelivered","costInPence":2400},{"orderNo":"27478F9F","outcome":"ValidButNotDelivered","costInPence":2600},{"orderNo":"177B2D8B","outcome":"ValidButNotDelivered","costInPence":2600},{"orderNo":"560656C3","outcome":"ValidButNotDelivered","costInPence":2600},{"orderNo":"00D358B5","outcome":"ValidButNotDelivered","costInPence":2600},{"orderNo":"6BFA2BB5","outcome":"ValidButNotDelivered","costInPence":2600},{"orderNo":"556CF726","outcome":"ValidButNotDelivered","costInPence":2600},{"orderNo":"057DC394","outcome":"ValidButNotDelivered","costInPence":2600},{"orderNo":"305FE67F","outcome":"ValidButNotDelivered","costInPence":2600},{"orderNo":"316EA080","outcome":"ValidButNotDelivered","costInPence":2600},{"orderNo":"6E8479C0","outcome":"ValidButNotDelivered","costInPence":2600}]