[{"orderNo":"367A8AB6","outcome":"InvalidCardNumber","costInPence":2500},{"orderNo":"5FE1D018","outcome":"InvalidExpiryDate","costInPence":2600},{"orderNo":"77D0BFD8","outcome":"InvalidCvv","costInPence":2400},{"orderNo":"2B6B25D3","outcome":"InvalidTotal","costInPence":null},{"orderNo":"16518F1B","outcome":"InvalidPizzaNotDefined","costInPence":2500},{"orderNo":"0A27A909","outcome":"InvalidPizzaCount","costInPence":12600},{"orderNo":"4CEB23C9","outcome":"InvalidPizzaCombinationMultipleSuppliers","costInPence":3400},{"orderNo":"48734B04","outcome":"Delivered","costInPence":2400},{"orderNo":"07050AF5","outcome":"Delivered","costInPence":2400},{"orderNo":"7FAFCB06","outcome":"Delivered","costInPence":2400},{"orderNo":"33DE31DB","outcome":"Delivered","costInPence":2400},{"orderNo":"1ADD6CCE","outcome":"Delivered","costInPence":2400},{"orderNo":"12F485C5","outcome":"Delivered","costInPence":2400},{"orderNo":"18C3315E","outcome":"Delivered","costInPence":2400},{"orderNo":"6E090572","outcome":"Delivered","costInPence":2400},{"orderNo":"53625DC7","outcome":"Delivered","costInPence":2400},{"orderNo":"457EC5F6","outcome":"Delivered","costInPence":2400},{"orderNo":"261BF81B","outcome":"Delivered","costInPence":2500},{"orderNo":"4897F6A8","outcome":"Delivered","costInPence":2500},{"orderNo":"49D64632","outcome":"Delivered","costInPence":2500},{"orderNo":"1CC47791","outcome":"Delivered","costInPence":2500},{"orderNo":"0843B26B","outcome":"Delivered","costInPence":2500},{"orderNo":"567FD666","outcome":"Delivered","costInPence":2500},{"orderNo":"4DA0B870","outcome":"Delivered","costInPence":2500},{"orderNo":"0271AB9A","outcome":"Delivered","costInPence":2500},{"orderNo":"647EF72B","outcome":"Delivered","costInPence":2500},{"orderNo":"33D9929D","outcome":"Delivered","costInPence":2500},{"orderNo":"11BB6EF7","outcome":"Delivered","costInPence":2400},{"orderNo":"04199296","outcome":"Delivered","costInPence":2400},{"orderNo":"72C51D4E","outcome":"Delivered","costInPence":2400},{"orderNo":"7DA987E2","outcome":"Delivered","costInPence":2400},{"orderNo":"4930A557","outcome":"Delivered","costInPence":2400},{"orderNo":"2F90982C","outcome":"Delivered","costInPence":2400},{"orderNo":"63FF7F1B","outcome":"Delivered","costInPence":2400},{"orderNo":"0CD8A9D0","outcome":"Delivered","costInPence":2400},{"orderNo":"1C75B2F4","outcome":"Delivered","costInPence":2400},{"orderNo":"366E1C84","outcome":"ValidButNotDelivered","costInPence":2400},{"orderNo":"0EECA2D5","outcome":"ValidButNotDelivered","costInPence":2600},{"orderNo":"2EBBFEB6","outcome":"ValidButNotDelivered","costInPence":2600},{"orderNo":"5087B17A","outcome":"ValidButNotDelivered","costInPence":2600},{"orderNo":"7E14A521","outcome":"ValidButNotDelivered","costInPence":2600},{"orderNo":"3755DFAF","outcome":"ValidButNotDelivered","costInPence":2600},{"orderNo":"088E78A2","outcome":"ValidButNotDelivered","costInPence":2600},{"orderNo":"4243EE26","outcome":"ValidButNotDelivered","costInPence":2600},{"orderNo":"403AFAF9","outcome":"ValidButNotDelivered","costInPence":2600},{"orderNo":"2EE3DCDE","outcome":"ValidButNotDelivered","costInPence":2600},{"orderNo":"50473A5C","outcome":"ValidButNotDelivered","costInPence":2600}]