[{"orderNo":"7050ABE5","outcome":"InvalidCardNumber","costInPence":2400},{"orderNo":"7B0A7954","outcome":"InvalidExpiryDate","costInPence":2400},{"orderNo":"3CE0A0B7","outcome":"InvalidCvv","costInPence":2500},{"orderNo":"68FE89E4","outcome":"InvalidTotal","costInPence":null},{"orderNo":"33BBC335","outcome":"InvalidPizzaNotDefined","costInPence":2400},{"orderNo":"0E772542","outcome":"InvalidPizzaCount","costInPence":11600},{"orderNo":"0905788A","outcome":"InvalidPizzaCombinationMultipleSuppliers","costInPence":3900},{"orderNo":"016B8F91","outcome":"Delivered","costInPence":2400},{"orderNo":"7A0BEA1E","outcome":"Delivered","costInPence":2400},{"orderNo":"674CBD63","outcome":"Delivered","costInPence":2400},{"orderNo":"4F4C853F","outcome":"Delivered","costInPence":2400},{"orderNo":"5B1CA2F0","outcome":"Delivered","costInPence":2400},{"orderNo":"1187CDA9","outcome":"Delivered","costInPence":2400},{"orderNo":"4185155B","outcome":"Delivered","costInPence":2400},{"orderNo":"255701EA","outcome":"Delivered","costInPence":2400},{"orderNo":"5B15C83A","outcome":"Delivered","costInPence":2400},{"orderNo":"575FF6DB","outcome":"Delivered","costInPence":2400},{"orderNo":"2D4244B4","outcome":"Delivered","costInPence":2500},{"orderNo":"1846B633","outcome":"Delivered","costInPence":2500},{"orderNo":"0863C8A5","outcome":"Delivered","costInPence":2500},{"orderNo":"13977FA7","outcome":"Delivered","costInPence":2500},{"orderNo":"1D544D84","outcome":"Delivered","costInPence":2500},{"orderNo":"68152B4A","outcome":"Delivered","costInPence":2500},{"orderNo":"7B373240","outcome":"Delivered","costInPence":2500},{"orderNo":"2E60B234","outcome":"Delivered","costInPence":2500},{"orderNo":"634912AF","outcome":"Delivered","costInPence":2500},{"orderNo":"7C406E03","outcome":"Delivered","costInPence":2500},{"orderNo":"74A5C2BC","outcome":"Delivered","costInPence":2400},{"orderNo":"18822F46","outcome":"Delivered","costInPence":2400},{"orderNo":"214A3F73","outcome":"Delivered","costInPence":2400},{"orderNo":"3D7D29C6","outcome":"Delivered","costInPence":2400},{"orderNo":"36B7B64B","outcome":"Delivered","costInPence":2400},{"orderNo":"79923B48","outcome":"Delivered","costInPence":2400},{"orderNo":"6949B593","outcome":"Delivered","costInPence":2400},{"orderNo":"6CC79DB2","outcome":"Delivered","costInPence":2400},{"orderNo":"5AD5943C","outcome":"Delivered","costInPence":2400},{"orderNo":"06CDF54E","outcome":"ValidButNotDelivered","costInPence":2400},{"orderNo":"6EAC8555","outcome":"ValidButNotDelivered","costInPence":2600},{"orderNo":"7D2F6338","outcome":"ValidButNotDelivered","costInPence":2600},{"orderNo":"68D7A22F","outcome":"ValidButNotDelivered","costInPence":2600},{"orderNo":"5774D578","outcome":"ValidButNotDelivered","costInPence":2600},{"orderNo":"252B912B","outcome":"ValidButNotDelivered","costInPence":2600},{"orderNo":"35EA989E","outcome":"ValidButNotDelivered","costInPence":2600},{"orderNo":"023C24C9","outcome":"ValidButNotDelivered","costInPence":2600},{"orderNo":"0CAFD934","outcome":"ValidButNotDelivered","costInPence":2600},{"orderNo":"5D15338F","outcome":"ValidButNotDelivered","costInPence":2600},{"orderNo":"75D2FFE1","outcome":"ValidButNotDelivered","costInPence":2600}]