[{"orderNo":"7F6ABAE0","outcome":"InvalidCardNumber","costInPence":2400},{"orderNo":"7E06FEBF","outcome":"InvalidExpiryDate","costInPence":2400},{"orderNo":"74D7B9F0","outcome":"InvalidCvv","costInPence":2500},{"orderNo":"62A31F90","outcome":"InvalidTotal","costInPence":null},{"orderNo":"11338BD1","outcome":"InvalidPizzaNotDefined","costInPence":2400},{"orderNo":"17E897FD","outcome":"InvalidPizzaCount","costInPence":11600},{"orderNo":"78176D51","outcome":"InvalidPizzaCombinationMultipleSuppliers","costInPence":3900},{"orderNo":"000D4E6D","outcome":"Delivered","costInPence":2400},{"orderNo":"33F298C3","outcome":"Delivered","costInPence":2400},{"orderNo":"4F00D132","outcome":"Delivered","costInPence":2400},{"orderNo":"799AFA2D","outcome":"Delivered","costInPence":2400},{"orderNo":"76C12E12","outcome":"Delivered","costInPence":2400},{"orderNo":"1DFAF0B0","outcome":"Delivered","costInPence":2400},{"orderNo":"5C7F294A","outcome":"Delivered","costInPence":2400},{"orderNo":"5110F09E","outcome":"Delivered","costInPence":2400},{"orderNo":"32BC5F7C","outcome":"Delivered","costInPence":2400},{"orderNo":"5EEC0D66","outcome":"Delivered","costInPence":2400},{"orderNo":"1BF1FD2A","outcome":"Delivered","costInPence":2500},{"orderNo":"6A74B55C","outcome":"Delivered","costInPence":2500},{"orderNo":"0EC9F69D","outcome":"Delivered","costInPence":2500},{"orderNo":"25FE7537","outcome":"Delivered","costInPence":2500},{"orderNo":"2B5AAA06","outcome":"Delivered","costInPence":2500},{"orderNo":"388D776E","outcome":"Delivered","costInPence":2500},{"orderNo":"4F272001","outcome":"Delivered","costInPence":2500},{"orderNo":"504AE06E","outcome":"Delivered","costInPence":2500},{"orderNo":"7C53D388","outcome":"Delivered","costInPence":2500},{"orderNo":"5C292C78","outcome":"Delivered","costInPence":2500},{"orderNo":"4D7FE025","outcome":"Delivered","costInPence":2400},{"orderNo":"0C8A58F3","outcome":"Delivered","costInPence":2400},{"orderNo":"493FAB46","outcome":"Delivered","costInPence":2400},{"orderNo":"46415307","outcome":"Delivered","costInPence":2400},{"orderNo":"3252262A","outcome":"Delivered","costInPence":2400},{"orderNo":"5F9160AB","outcome":"Delivered","costInPence":2400},{"orderNo":"0F1D61A6","outcome":"Delivered","costInPence":2400},{"orderNo":"660AB5EE","outcome":"Delivered","costInPence":2400},{"orderNo":"302B35C4","outcome":"Delivered","costInPence":2400},{"orderNo":"33329FAB","outcome":"ValidButNotDelivered","costInPence":2400},{"orderNo":"6618E5A0","outcome":"ValidButNotDelivered","costInPence":2600},{"orderNo":"592321D2","outcome":"ValidButNotDelivered","costInPence":2600},{"orderNo":"4BED88A4","outcome":"ValidButNotDelivered","costInPence":2600},{"orderNo":"2CC2F2AB","outcome":"ValidButNotDelivered","costInPence":2600},{"orderNo":"7E1A38DC","outcome":"ValidButNotDelivered","costInPence":2600},{"orderNo":"2A1485BB","outcome":"ValidButNotDelivered","costInPence":2600},{"orderNo":"09F88B43","outcome":"ValidButNotDelivered","costInPence":2600},{"orderNo":"6B1C2997","outcome":"ValidButNotDelivered","costInPence":2600},{"orderNo":"0C1FFA1B","outcome":"ValidButNotDelivered","costInPence":2600},{"orderNo":"7F07F968","outcome":"ValidButNotDelivered","costInPence":2600}]