[{"orderNo":"342128DA","outcome":"InvalidCardNumber","costInPence":2500},{"orderNo":"6A80AF27","outcome":"Invalid","costInPence":2600},{"orderNo":"6A9B453F","outcome":"InvalidCvv","costInPence":2400},{"orderNo":"3DA8D51C","outcome":"InvalidTotal","costInPence":null},{"orderNo":"034B96B9","outcome":"InvalidPizzaNotDefined","costInPence":2500},{"orderNo":"631280C6","outcome":"InvalidPizzaCount","costInPence":12600},{"orderNo":"7BC4CE50","outcome":"InvalidPizzaCombinationMultipleSuppliers","costInPence":3400},{"orderNo":"5800CE7B","outcome":"Delivered","costInPence":2400},{"orderNo":"14169F70","outcome":"Delivered","costInPence":2400},{"orderNo":"2DBBF3DE","outcome":"Delivered","costInPence":2400},{"orderNo":"21A00B18","outcome":"Delivered","costInPence":2400},{"orderNo":"7796A33F","outcome":"Delivered","costInPence":2400},{"orderNo":"13805466","outcome":"Delivered","costInPence":2400},{"orderNo":"20FABCEA","outcome":"Delivered","costInPence":2400},{"orderNo":"4E4DF16B","outcome":"Delivered","costInPence":2400},{"orderNo":"27F74243","outcome":"Delivered","costInPence":2400},{"orderNo":"46A67709","outcome":"Delivered","costInPence":2400},{"orderNo":"66BFDB46","outcome":"Delivered","costInPence":2500},{"orderNo":"7B72D2B5","outcome":"Delivered","costInPence":2500},{"orderNo":"7F5A6A22","outcome":"Delivered","costInPence":2500},{"orderNo":"43AE2C19","outcome":"Delivered","costInPence":2500},{"orderNo":"49FBC56D","outcome":"Delivered","costInPence":2500},{"orderNo":"714BEB3B","outcome":"Delivered","costInPence":2500},{"orderNo":"235C965E","outcome":"Delivered","costInPence":2500},{"orderNo":"5059D3C7","outcome":"Delivered","costInPence":2500},{"orderNo":"33B7A904","outcome":"Delivered","costInPence":2500},{"orderNo":"43534625","outcome":"Delivered","costInPence":2500},{"orderNo":"12D24FA9","outcome":"Delivered","costInPence":2400},{"orderNo":"30660A53","outcome":"Delivered","costInPence":2400},{"orderNo":"588A4902","outcome":"Delivered","costInPence":2400},{"orderNo":"3B1D6825","outcome":"Delivered","costInPence":2400},{"orderNo":"2F8C94E3","outcome":"Delivered","costInPence":2400},{"orderNo":"64D91022","outcome":"Delivered","costInPence":2400},{"orderNo":"62CE78F5","outcome":"Delivered","costInPence":2400},{"orderNo":"425E7E87","outcome":"Delivered","costInPence":2400},{"orderNo":"3BA429CB","outcome":"Delivered","costInPence":2400},{"orderNo":"36F05BDC","outcome":"ValidButNotDelivered","costInPence":2400},{"orderNo":"59FE50B2","outcome":"ValidButNotDelivered","costInPence":2600},{"orderNo":"4AED9CDF","outcome":"ValidButNotDelivered","costInPence":2600},{"orderNo":"7131EE20","outcome":"ValidButNotDelivered","costInPence":2600},{"orderNo":"7B8CB0A6","outcome":"ValidButNotDelivered","costInPence":2600},{"orderNo":"11EC6EB5","outcome":"ValidButNotDelivered","costInPence":2600},{"orderNo":"49786206","outcome":"ValidButNotDelivered","costInPence":2600},{"orderNo":"6CF49D21","outcome":"ValidButNotDelivered","costInPence":2600},{"orderNo":"00677792","outcome":"ValidButNotDelivered","costInPence":2600},{"orderNo":"5129D9E2","outcome":"ValidButNotDelivered","costInPence":2600},{"orderNo":"1969C59C","outcome":"ValidButNotDelivered","costInPence":2600}]