[{"orderNo":"1AFFE082","outcome":"InvalidCardNumber","costInPence":2400},{"orderNo":"67D62E36","outcome":"InvalidExpiryDate","costInPence":2400},{"orderNo":"2240F9BC","outcome":"InvalidCvv","costInPence":2500},{"orderNo":"6526E742","outcome":"InvalidTotal","costInPence":null},{"orderNo":"3EDE207C","outcome":"InvalidPizzaNotDefined","costInPence":2400},{"orderNo":"0FC19839","outcome":"InvalidPizzaCount","costInPence":11600},{"orderNo":"2AEB25EC","outcome":"InvalidPizzaCombinationMultipleSuppliers","costInPence":3900},{"orderNo":"72156288","outcome":"Delivered","costInPence":2400},{"orderNo":"160204B7","outcome":"Delivered","costInPence":2400},{"orderNo":"11688F95","outcome":"Delivered","costInPence":2400},{"orderNo":"03383E02","outcome":"Delivered","costInPence":2400},{"orderNo":"69F54B44","outcome":"Delivered","costInPence":2400},{"orderNo":"7B0DBC3E","outcome":"Delivered","costInPence":2400},{"orderNo":"207094A2","outcome":"Delivered","costInPence":2400},{"orderNo":"74F5BBBA","outcome":"Delivered","costInPence":2400},{"orderNo":"3B531F5E","outcome":"Delivered","costInPence":2400},{"orderNo":"664D729B","outcome":"Delivered","costInPence":2400},{"orderNo":"7157DF75","outcome":"Delivered","costInPence":2500},{"orderNo":"63FD3ECE","outcome":"Delivered","costInPence":2500},{"orderNo":"434C72A9","outcome":"Delivered","costInPence":2500},{"orderNo":"11D619F4","outcome":"Delivered","costInPence":2500},{"orderNo":"4776DBB1","outcome":"Delivered","costInPence":2500},{"orderNo":"5F2E17E2","outcome":"Delivered","costInPence":2500},{"orderNo":"04D436EC","outcome":"Delivered","costInPence":2500},{"orderNo":"1A2BA8CE","outcome":"Delivered","costInPence":2500},{"orderNo":"72351691","outcome":"Delivered","costInPence":2500},{"orderNo":"14A4FB63","outcome":"Delivered","costInPence":2500},{"orderNo":"46D871D4","outcome":"Delivered","costInPence":2400},{"orderNo":"78192B5E","outcome":"Delivered","costInPence":2400},{"orderNo":"4774A688","outcome":"Delivered","costInPence":2400},{"orderNo":"09131BDB","outcome":"Delivered","costInPence":2400},{"orderNo":"0B9B52FF","outcome":"Delivered","costInPence":2400},{"orderNo":"5FC1BE23","outcome":"Delivered","costInPence":2400},{"orderNo":"70E950E7","outcome":"Delivered","costInPence":2400},{"orderNo":"74310CC2","outcome":"Delivered","costInPence":2400},{"orderNo":"0B66A89A","outcome":"Delivered","costInPence":2400},{"orderNo":"61194A5B","outcome":"ValidButNotDelivered","costInPence":2400},{"orderNo":"5002C4EA","outcome":"ValidButNotDelivered","costInPence":2600},{"orderNo":"1BF3A7A6","outcome":"ValidButNotDelivered","costInPence":2600},{"orderNo":"5B680D6C","outcome":"ValidButNotDelivered","costInPence":2600},{"orderNo":"6F07D08A","outcome":"ValidButNotDelivered","costInPence":2600},{"orderNo":"27C777A8","outcome":"ValidButNotDelivered","costInPence":2600},{"orderNo":"2E665DC0","outcome":"ValidButNotDelivered","costInPence":2600},{"orderNo":"24581C6F","outcome":"ValidButNotDelivered","costInPence":2600},{"orderNo":"39EAC047","outcome":"ValidButNotDelivered","costInPence":2600},{"orderNo":"2BA0BA3A","outcome":"ValidButNotDelivered","costInPence":2600},{"orderNo":"01C83A30","outcome":"ValidButNotDelivered","costInPence":2600}]