[{"orderNo":"0E5F3D7C","outcome":"InvalidCardNumber","costInPence":2500},{"orderNo":"1988FB28","outcome":"InvalidExpiryDate","costInPence":2600},{"orderNo":"4B65DAF1","outcome":"InvalidCvv","costInPence":2400},{"orderNo":"4FB625DE","outcome":"InvalidTotal","costInPence":null},{"orderNo":"126D344E","outcome":"InvalidPizzaNotDefined","costInPence":2500},{"orderNo":"23B4FCD0","outcome":"InvalidPizzaCount","costInPence":12600},{"orderNo":"6F228664","outcome":"InvalidPizzaCombinationMultipleSuppliers","costInPence":3400},{"orderNo":"349296EF","outcome":"Delivered","costInPence":2400},{"orderNo":"0FD75181","outcome":"Delivered","costInPence":2400},{"orderNo":"45A534A5","outcome":"Delivered","costInPence":2400},{"orderNo":"6ECC0EBF","outcome":"Delivered","costInPence":2400},{"orderNo":"688823E9","outcome":"Delivered","costInPence":2400},{"orderNo":"3AE71FC6","outcome":"Delivered","costInPence":2400},{"orderNo":"1D557C4F","outcome":"Delivered","costInPence":2400},{"orderNo":"14C1811B","outcome":"Delivered","costInPence":2400},{"orderNo":"3E9401E7","outcome":"Delivered","costInPence":2400},{"orderNo":"7C60B360","outcome":"Delivered","costInPence":2400},{"orderNo":"4226666B","outcome":"Delivered","costInPence":2500},{"orderNo":"63490950","outcome":"Delivered","costInPence":2500},{"orderNo":"44D841FF","outcome":"Delivered","costInPence":2500},{"orderNo":"4D6B80D3","outcome":"Delivered","costInPence":2500},{"orderNo":"2C47FDAB","outcome":"Delivered","costInPence":2500},{"orderNo":"1C1CF06D","outcome":"Delivered","costInPence":2500},{"orderNo":"3BACBA9F","outcome":"Delivered","costInPence":2500},{"orderNo":"1499D11D","outcome":"Delivered","costInPence":2500},{"orderNo":"462995CE","outcome":"Delivered","costInPence":2500},{"orderNo":"05DCC68C","outcome":"Delivered","costInPence":2500},{"orderNo":"174347A1","outcome":"Delivered","costInPence":2400},{"orderNo":"419D611B","outcome":"Delivered","costInPence":2400},{"orderNo":"52438418","outcome":"Delivered","costInPence":2400},{"orderNo":"6912FD21","outcome":"Delivered","costInPence":2400},{"orderNo":"54A062D0","outcome":"Delivered","costInPence":2400},{"orderNo":"2EB169BC","outcome":"Delivered","costInPence":2400},{"orderNo":"335F7913","outcome":"Delivered","costInPence":2400},{"orderNo":"0203B708","outcome":"Delivered","costInPence":2400},{"orderNo":"18DE1EAA","outcome":"Delivered","costInPence":2400},{"orderNo":"14484D2C","outcome":"ValidButNotDelivered","costInPence":2400},{"orderNo":"6B2EF010","outcome":"ValidButNotDelivered","costInPence":2600},{"orderNo":"2F2A953D","outcome":"ValidButNotDelivered","costInPence":2600},{"orderNo":"2C487CF6","outcome":"ValidButNotDelivered","costInPence":2600},{"orderNo":"69815547","outcome":"ValidButNotDelivered","costInPence":2600},{"orderNo":"46500DBA","outcome":"ValidButNotDelivered","costInPence":2600},{"orderNo":"51AFA436","outcome":"ValidButNotDelivered","costInPence":2600},{"orderNo":"112A18A6","outcome":"ValidButNotDelivered","costInPence":2600},{"orderNo":"546B90C5","outcome":"ValidButNotDelivered","costInPence":2600},{"orderNo":"5C0F72C7","outcome":"ValidButNotDelivered","costInPence":2600},{"orderNo":"12892F31","outcome":"ValidButNotDelivered","costInPence":2600}]