[{"orderNo":"2D1BC5DE","outcome":"InvalidCardNumber","costInPence":2400},{"orderNo":"63E6DF40","outcome":"InvalidExpiryDate","costInPence":2400},{"orderNo":"0EC43D2E","outcome":"InvalidCvv","costInPence":2500},{"orderNo":"0D2EA226","outcome":"InvalidTotal","costInPence":null},{"orderNo":"2CEBFE66","outcome":"InvalidPizzaNotDefined","costInPence":2400},{"orderNo":"17401B87","outcome":"InvalidPizzaCount","costInPence":11600},{"orderNo":"4C12F72F","outcome":"InvalidPizzaCombinationMultipleSuppliers","costInPence":3900},{"orderNo":"127DFC66","outcome":"Delivered","costInPence":2400},{"orderNo":"423A3785","outcome":"Delivered","costInPence":2400},{"orderNo":"743E5BCE","outcome":"Delivered","costInPence":2400},{"orderNo":"53D96DC4","outcome":"Delivered","costInPence":2400},{"orderNo":"56DB4A6E","outcome":"Delivered","costInPence":2400},{"orderNo":"0CEE60F6","outcome":"Delivered","costInPence":2400},{"orderNo":"6AC9A45A","outcome":"Delivered","costInPence":2400},{"orderNo":"7EB94C1F","outcome":"Delivered","costInPence":2400},{"orderNo":"04D8CCA0","outcome":"Delivered","costInPence":2400},{"orderNo":"373C132E","outcome":"Delivered","costInPence":2400},{"orderNo":"071C181C","outcome":"Delivered","costInPence":2500},{"orderNo":"3781B68F","outcome":"Delivered","costInPence":2500},{"orderNo":"061732C1","outcome":"Delivered","costInPence":2500},{"orderNo":"6C04F9CC","outcome":"Delivered","costInPence":2500},{"orderNo":"0CF0ECF1","outcome":"Delivered","costInPence":2500},{"orderNo":"1EEA5D0C","outcome":"Delivered","costInPence":2500},{"orderNo":"24279398","outcome":"Delivered","costInPence":2500},{"orderNo":"6B38DB45","outcome":"Delivered","costInPence":2500},{"orderNo":"4829C60D","outcome":"Delivered","costInPence":2500},{"orderNo":"312C186A","outcome":"Delivered","costInPence":2500},{"orderNo":"1F8445A2","outcome":"Delivered","costInPence":2400},{"orderNo":"548DB570","outcome":"Delivered","costInPence":2400},{"orderNo":"4D9D35F2","outcome":"Delivered","costInPence":2400},{"orderNo":"4243EC3F","outcome":"Delivered","costInPence":2400},{"orderNo":"2549BFA7","outcome":"Delivered","costInPence":2400},{"orderNo":"75DDD8E3","outcome":"Delivered","costInPence":2400},{"orderNo":"495862EF","outcome":"Delivered","costInPence":2400},{"orderNo":"43A82D0A","outcome":"Delivered","costInPence":2400},{"orderNo":"121082A6","outcome":"Delivered","costInPence":2400},{"orderNo":"4F16E2FA","outcome":"ValidButNotDelivered","costInPence":2400},{"orderNo":"494081FF","outcome":"ValidButNotDelivered","costInPence":2600},{"orderNo":"3A75960A","outcome":"ValidButNotDelivered","costInPence":2600},{"orderNo":"495A4421","outcome":"ValidButNotDelivered","costInPence":2600},{"orderNo":"24621BEA","outcome":"ValidButNotDelivered","costInPence":2600},{"orderNo":"5D058CC9","outcome":"ValidButNotDelivered","costInPence":2600},{"orderNo":"2CAFAEAE","outcome":"ValidButNotDelivered","costInPence":2600},{"orderNo":"29F2A406","outcome":"ValidButNotDelivered","costInPence":2600},{"orderNo":"43F8EBD9","outcome":"ValidButNotDelivered","costInPence":2600},{"orderNo":"503F2A08","outcome":"ValidButNotDelivered","costInPence":2600},{"orderNo":"040DD0AF","outcome":"ValidButNotDelivered","costInPence":2600}]