[{"orderNo":"4AF53909","outcome":"InvalidCardNumber","costInPence":2400},{"orderNo":"3D2A3F3A","outcome":"InvalidExpiryDate","costInPence":2400},{"orderNo":"7A6816D8","outcome":"InvalidCvv","costInPence":2500},{"orderNo":"1467E84A","outcome":"InvalidTotal","costInPence":null},{"orderNo":"330F6CA2","outcome":"InvalidPizzaNotDefined","costInPence":2400},{"orderNo":"4A299687","outcome":"InvalidPizzaCount","costInPence":11600},{"orderNo":"174F5023","outcome":"InvalidPizzaCombinationMultipleSuppliers","costInPence":3900},{"orderNo":"04193DE4","outcome":"Delivered","costInPence":2400},{"orderNo":"2FE009B4","outcome":"Delivered","costInPence":2400},{"orderNo":"463C3215","outcome":"Delivered","costInPence":2400},{"orderNo":"233D85C0","outcome":"Delivered","costInPence":2400},{"orderNo":"6E4E23FF","outcome":"Delivered","costInPence":2400},{"orderNo":"2323D0C7","outcome":"Delivered","costInPence":2400},{"orderNo":"0201B980","outcome":"Delivered","costInPence":2400},{"orderNo":"5AF3709E","outcome":"Delivered","costInPence":2400},{"orderNo":"71228D25","outcome":"Delivered","costInPence":2400},{"orderNo":"1698201E","outcome":"Delivered","costInPence":2400},{"orderNo":"45AEF958","outcome":"Delivered","costInPence":2500},{"orderNo":"09EAF50D","outcome":"Delivered","costInPence":2500},{"orderNo":"7F3698F7","outcome":"Delivered","costInPence":2500},{"orderNo":"6AE340BF","outcome":"Delivered","costInPence":2500},{"orderNo":"20655EA2","outcome":"Delivered","costInPence":2500},{"orderNo":"50BA15D7","outcome":"Delivered","costInPence":2500},{"orderNo":"1794A4A3","outcome":"Delivered","costInPence":2500},{"orderNo":"548EBD88","outcome":"Delivered","costInPence":2500},{"orderNo":"05ACD3A9","outcome":"Delivered","costInPence":2500},{"orderNo":"225ECE21","outcome":"Delivered","costInPence":2500},{"orderNo":"27C73028","outcome":"Delivered","costInPence":2400},{"orderNo":"44D31823","outcome":"Delivered","costInPence":2400},{"orderNo":"038C7E12","outcome":"Delivered","costInPence":2400},{"orderNo":"369129A1","outcome":"Delivered","costInPence":2400},{"orderNo":"187145D6","outcome":"Delivered","costInPence":2400},{"orderNo":"788BDF1D","outcome":"Delivered","costInPence":2400},{"orderNo":"32967B06","outcome":"Delivered","costInPence":2400},{"orderNo":"2394BC5C","outcome":"Delivered","costInPence":2400},{"orderNo":"72F4687C","outcome":"Delivered","costInPence":2400},{"orderNo":"2A886849","outcome":"ValidButNotDelivered","costInPence":2400},{"orderNo":"170968D7","outcome":"ValidButNotDelivered","costInPence":2600},{"orderNo":"74A8F65E","outcome":"ValidButNotDelivered","costInPence":2600},{"orderNo":"4C1918BF","outcome":"ValidButNotDelivered","costInPence":2600},{"orderNo":"2A32107B","outcome":"ValidButNotDelivered","costInPence":2600},{"orderNo":"55FF998A","outcome":"ValidButNotDelivered","costInPence":2600},{"orderNo":"120E98D5","outcome":"ValidButNotDelivered","costInPence":2600},{"orderNo":"490CD5A6","outcome":"ValidButNotDelivered","costInPence":2600},{"orderNo":"2FD3EC17","outcome":"ValidButNotDelivered","costInPence":2600},{"orderNo":"0836B14E","outcome":"ValidButNotDelivered","costInPence":2600},{"orderNo":"1BCFE871","outcome":"ValidButNotDelivered","costInPence":2600}]